terme,chatgpt,equivalence,possession,but,autre_relation,texte
actif net,F,T,F,F,calcul,"Un actif net est la somme des actifs d’une société, diminués de ses dettes actuelles ou potentielles. L’actif net correspond donc aux fonds propres." 
actif net,T,T,F,F,calcul,"C’est la somme des actifs d’une société, diminués de ses dettes actuelles ou potentielles. L’actif net correspond donc aux fonds propres."
actif net,T,T,F,F,calcul,"L'actif net représente la valeur résiduelle des actifs d'une entreprise une fois que toutes ses dettes actuelles et potentielles ont été soustraites."
actif net,T,T,F,F,calcul,"L'actif net est le solde restant après avoir déduit les dettes actuelles ou potentielles de la valeur totale des actifs d'une société. Cela représente la valeur nette de l'entreprise."
actif net,T,T,F,F,circonstance,"En prenant en compte les actifs et les dettes, l'actif net d'une entreprise est le montant des fonds propres disponibles, qui correspond à la différence positive entre les actifs et les dettes."
actif net,T,T,F,F,calcul,"L'actif net est la mesure de la valeur économique d'une entreprise, calculée en soustrayant les dettes actuelles et potentielles de la valeur de tous les actifs détenus."
actif net,T,T,F,F,calcul,"L'actif net est le montant financier qui reste après avoir compensé les dettes actuelles ou potentielles avec les actifs totaux d'une société. Il représente la valeur nette ou le patrimoine de l'entreprise."
actif net,T,T,F,F,condition/circonstance,"L'actif net est la différence entre les actifs totaux d'une entreprise et ses dettes totales. Il représente essentiellement la valeur nette de l'entreprise, c'est-à-dire la valeur résiduelle qui serait obtenue si tous les actifs étaient vendus et toutes les dettes remboursées."
actif net,T,T,F,F,condition/circonstance+calcul,"L'actif net est également appelé les fonds propres d'une entreprise. Il est calculé en soustrayant les passifs totaux de l'entreprise de ses actifs totaux. Cela représente la part de la valeur de l'entreprise qui appartient aux propriétaires ou aux actionnaires, une fois que toutes les obligations envers les créanciers ont été remplies."
action,F,T,F,F,F,"Une action est un titre de propriété correspondant à une part du capital d’une société."
action,T,T,F,F,conférer,"Une action représente une fraction du capital d'une société et constitue un titre de propriété qui confère à son détenteur certains droits et privilèges au sein de l'entreprise."
action,T,T,F,F,conférer,"Une action est un certificat ou un titre de propriété qui représente une participation dans le capital d'une entreprise, donnant à son détenteur des droits et des intérêts financiers dans ladite entreprise."
action,T,T,F,F,conférer,"Une action est un instrument financier qui représente la propriété d'une part du capital social d'une société. Elle confère à son propriétaire des droits économiques et des prérogatives liés à sa participation dans l'entreprise."
action,T,T,F,F,conférer,"Une action correspond à une unité de propriété dans une société, symbolisée par un document ou un enregistrement électronique, qui accorde à son possesseur des droits de propriété et une part des bénéfices éventuels de l'entreprise."
action,T,T,F,F,conférer,"Une action est un titre de propriété qui incarne une part indivisible du capital d'une entreprise. Elle donne à son propriétaire le droit de participer aux décisions de l'entreprise et de partager les bénéfices éventuels sous forme de dividendes."
actionnaire,F,T,F,F,conférer,"Un actionnaire est une personne physique ou morale propriétaire d’actions dans une société. Il s'agit d'un statut qui lui donne accès à une partie de la valeur de la société, lui confère un droit de vote à l’assemblée générale des actionnaires, un droit à recevoir un dividende et un droit au boni de liquidation en cas de liquidation judiciaire de la société."
actionnaire,T,T,T,F,conférer,"Un actionnaire est un individu ou une entité qui détient des actions dans une société, ce qui lui confère la qualité de propriétaire d'une partie du capital de l'entreprise. En tant que tel, il bénéficie de droits tels que le droit de vote lors des assemblées générales, le droit de recevoir des dividendes et le droit de partager les actifs en cas de liquidation."
actionnaire,T,T,T,F,conférer,"L'actionnaire est un investisseur, qu'il s'agisse d'une personne physique ou morale, qui possède des actions dans une entreprise. Cette propriété d'actions lui accorde des droits économiques et juridiques, notamment le droit de participer aux décisions importantes de l'entreprise et de recevoir une part des bénéfices réalisés."
actionnaire,T,T,T,F,avoir-droit,"Un actionnaire est un détenteur d'actions d'une société, ce qui fait de lui un copropriétaire de l'entreprise. En tant que copropriétaire, il a le droit de prendre part aux décisions clés de la société, d'obtenir une part des bénéfices sous forme de dividendes et d'avoir accès à une partie de la valeur de l'entreprise en cas de liquidation."
actionnaire,T,T,T,F,conférer,"L'actionnaire est une personne physique ou morale qui possède des actions d'une société, lui conférant ainsi un statut de propriétaire. En tant que propriétaire, il jouit de certains droits, tels que le droit de participer aux assemblées générales et de voter sur les questions importantes, le droit de recevoir des bénéfices distribués sous forme de dividendes et le droit de partager les actifs de l'entreprise en cas de dissolution."
actionnaire,T,T,T,F,conférer,"Un actionnaire est un individu ou une entité qui investit dans une société en acquérant des actions. En tant qu'investisseur, il détient une part de la propriété de l'entreprise et a le droit d'influencer les décisions stratégiques lors des assemblées générales, de recevoir des revenus sous forme de dividendes et de réclamer une part des actifs de l'entreprise en cas de cessation d'activité."
Actualisation,F,T,F,T,inverse+possibilité,"L'actualisation désigne un calcul qui permet de transformer un flux financier futur en une valeur équivalente présente. L’actualisation sert à mesurer la pertinence d’un investissement. L’inverse de l’actualisation est la capitalisation."
Actualisation,T,T,F,T,inverse+possibilité,"L'actualisation est un procédé mathématique utilisé pour convertir la valeur future d'un flux financier en une valeur équivalente au présent. Son but est d'évaluer la rentabilité d'un investissement. L'opération inverse de l'actualisation est la capitalisation."
Actualisation,T,T,F,T,inverse+possibilité,"L'actualisation est une méthode de calcul permettant de ramener la valeur d'un flux financier futur à sa valeur actuelle. Cet outil est utilisé pour évaluer l'intérêt d'un investissement. À l'inverse, la capitalisation est l'opération inverse de l'actualisation."
Actualisation,T,T,F,T,inverse,"L'actualisation consiste en un calcul visant à convertir la valeur future d'un flux financier en une valeur équivalente au moment présent. Son objectif est d'évaluer la viabilité d'un investissement. La capitalisation, quant à elle, représente l'opération inverse de l'actualisation."
Actualisation,T,T,F,T,inverse+possibilité,"L'actualisation fait référence à une méthode de calcul permettant de ramener la valeur d'un flux financier futur à une valeur actuelle équivalente. Son utilisation est courante pour évaluer la rentabilité potentielle d'un investissement. À l'inverse, la capitalisation réalise l'opération inverse de l'actualisation."
Actualisation,T,T,F,T,inverse+possibilité,"L'actualisation est un processus mathématique qui permet de convertir la valeur future d'un flux financier en une valeur présente équivalente. Son but est d'évaluer l'opportunité d'un investissement donné. En opposition, la capitalisation représente le processus inverse de l'actualisation."
Amortissement,F,T,F,F,circonstance,"En finance,selon le contexte, c'est un remboursement d’une partie ou de la totalité d’un crédit bancaire ou d’un emprunt, ou un quote-part de la valeur d’un actif correspondant à sa décote (liée notamment à son obsolescence ou usure) par rapport à son coût d’acquisition."
Amortissement,T,T,F,F,circonstance,"En finance, l'amortissement se réfère soit au remboursement partiel ou total d'un crédit ou d'un prêt bancaire, soit à la dépréciation progressive d'un actif en raison de sa vétusté ou de son usure par rapport à son coût d'acquisition."
Amortissement,T,T,F,F,circonstance,"L'amortissement, dans le domaine financier, peut se définir de deux manières. Il s'agit soit du remboursement d'une partie ou de la totalité d'un emprunt ou d'un crédit bancaire, soit de la réduction de la valeur d'un actif en raison de son obsolescence ou de son usure par rapport à son coût initial."
Amortissement,T,T,F,F,circonstance,"En finance, l'amortissement se rapporte à la restitution progressive d'une dette, qu'elle soit partielle ou totale, contractée auprès d'une institution bancaire. Il peut également désigner la dépréciation d'un actif, qui correspond à sa décote par rapport à son prix d'achat, en raison de son usure ou de son obsolescence."
Amortissement,T,T,F,F,circonstance,"L'amortissement, dans le contexte financier, peut se traduire soit par le remboursement partiel ou complet d'un prêt ou d'un crédit bancaire, soit par une diminution de la valeur d'un actif en raison de son vieillissement ou de son usure par rapport à son coût initial."
Amortissement,T,T,F,F,circonstance,"Dans le contexte financier, l'amortissement peut se comprendre comme le remboursement partiel ou total d'un crédit bancaire ou d'un emprunt, ou comme la diminution de la valeur d'un actif correspondant à sa décote par rapport à son coût d'acquisition, résultant de facteurs tels que son obsolescence ou son usure."
Amortissement,T,T,F,F,circonstance,"En finance, on entend par amortissement soit le remboursement partiel ou intégral d'un crédit bancaire ou d'un emprunt, soit la portion de la valeur d'un actif qui est déduite en raison de sa dépréciation par rapport à son prix d'achat, notamment en raison de son obsolescence ou de son usure."
Amortissement,T,T,F,F,circonstance,"Selon le contexte financier, l'amortissement peut prendre différentes formes : le remboursement partiel ou total d'un crédit bancaire ou d'un emprunt, ou la part de la valeur d'un actif qui est réduite en raison de sa dépréciation par rapport à son coût d'acquisition, généralement due à des facteurs tels que son obsolescence ou son usure."
Amortissement,T,T,F,F,circonstance,"L'amortissement, dans le domaine de la finance, se réfère à diverses modalités de remboursement, qu'il s'agisse d'un crédit bancaire, d'un emprunt ou de la décote d'un actif par rapport à son coût initial. Cette décote peut résulter de l'obsolescence ou de l'usure de l'actif."
Appel public à l’épargne,F,T,F,F,exception et exemple,"L'Appel public à l’épargne est l'ancienne appellation de l’offre au public de titres financiers. Proposition publique (quel que soit le moyen de publicité) de souscription à des titres émis par une société ( actions, obligations…).Il existe un régime dérogatoire : le Placement Privé dont les limites sont fondées sur le montant levé (par exemple 1M€ pour une levée de fonds sur Internet par financement participatif), le nombre d’investisseurs ( cercle restreint…) et la qualification des investisseurs ( investisseurs professionnels sur option).. et le fait que les titres de la société ne sont pas cotés."
Appel public à l’épargne,T,T,F,F,exception et exemple,"L'appel public à l'épargne, anciennement connu sous le même nom, fait référence à la proposition publique de souscrire à des titres financiers émis par une société, tels que des actions ou des obligations. Il existe également une exception à ce régime, appelée Placement Privé, qui est soumise à certaines limites basées sur le montant levé, le nombre d'investisseurs et la qualification de ces derniers, ainsi que sur le fait que les titres de la société ne sont pas cotés."
Appel public à l’épargne,T,T,F,F,exception et exemple,"L'appel public à l'épargne, anciennement désigné de cette manière, correspond à l'action de proposer publiquement, par tous moyens de publicité, la souscription à des titres émis par une entreprise, tels que des actions ou des obligations. Il convient toutefois de noter qu'il existe une exception à cette règle, à savoir le Placement Privé, qui est soumis à certaines limites basées sur le montant des fonds levés, le nombre d'investisseurs et la qualité de ces derniers, ainsi que sur le fait que les titres de la société ne sont pas cotés en bourse."
Appel public à l’épargne,T,T,F,F,F,"L'appel public à l'épargne, auparavant connu sous cette dénomination, désigne la présentation publique, quel que soit le moyen de publicité utilisé, d'une offre au public de titres financiers émis par une société tels que des actions ou des obligations."
Appel public à l’épargne,T,T,F,F,F,"L'appel public à l'épargne, qui correspond à l'ancienne appellation, se réfère à l'invitation adressée au grand public, par divers moyens de publicité, à souscrire des titres financiers émis par une entreprise, tels que des actions ou des obligations."
Appel public à l’épargne,T,T,F,F,F,"L'appel public à l'épargne, anciennement désigné ainsi, englobe la proposition faite de manière publique, quelle que soit la méthode de publicité employée, pour souscrire à des titres financiers émis par une société, tels que des actions ou des obligations."
Appel public à l’épargne,T,T,F,F,F,"L'appel public à l'épargne, qui était autrefois appelé de cette façon, fait référence à l'offre publique de titres financiers émis par une société, tels que des actions ou des obligations, présentée au grand public, indépendamment des moyens de publicité utilisés."
Appel public à l’épargne,T,T,F,F,F,"L'appel public à l'épargne, anciennement connu sous cette dénomination, implique la proposition adressée au public, par tous les moyens de publicité possibles, de souscrire à des titres financiers émis par une société, qu'il s'agisse d'actions, d'obligations ou autres."
Augmentation de capital,F,T,F,T,utilisation,"Une entreprise a recours à une augmentation de capital pour financer son développement, ou plus rarement pour combler des pertes. L’augmentation de capital consiste en la création de nouvelles actions, qui seront achetées (souscrites), soit par les actionnaires déjà présents dans la société, soit par de nouveaux actionnaires."
Augmentation de capital,T,F,F,T,utilisation,"Une augmentation de capital est utilisée par une entreprise pour financer sa croissance ou, dans des cas exceptionnels, pour compenser des pertes. Elle implique la création de nouvelles actions qui peuvent être souscrites par les actionnaires existants ou de nouveaux actionnaires."
Augmentation de capital,T,T,F,T,utilisation,"L'augmentation de capital est une méthode utilisée par les entreprises pour obtenir des fonds en vue de leur expansion ou, de manière moins fréquente, pour couvrir des pertes. Elle implique la création de nouvelles actions qui peuvent être achetées soit par les actionnaires actuels de l'entreprise, soit par de nouveaux actionnaires."
Augmentation de capital,T,F,F,T,utilisation,"Une entreprise peut opter pour une augmentation de capital afin de financer son développement ou, dans certains cas rares, pour compenser des pertes. Cette opération consiste à émettre de nouvelles actions qui peuvent être acquises soit par les actionnaires existants, soit par de nouveaux actionnaires."
Augmentation de capital,T,F,F,T,utilisation,"En vue de financer sa croissance, une entreprise peut décider d'effectuer une augmentation de capital, et plus rarement de combler des pertes. Cette démarche implique la création de nouvelles actions, qui peuvent être souscrites soit par les actionnaires déjà présents dans l'entreprise, soit par de nouveaux actionnaires."
Augmentation de capital,T,T,F,T,utilisation,"L'augmentation de capital est une mesure utilisée par une entreprise pour obtenir des ressources financières supplémentaires en vue de son expansion, ou exceptionnellement pour couvrir des pertes. Elle se concrétise par la création de nouvelles actions, qui peuvent être souscrites soit par les actionnaires existants, soit par de nouveaux actionnaires."
AMF (Autorité des Marchés Financiers),F,T,F,F,superviser,"L’AMF est l’institution française qui régule les acteurs et produits de la place financière française. Elle réglemente, autorise, surveille et, lorsque c’est nécessaire, contrôle, enquête et sanctionne. Elle veille également à la bonne information des investisseurs et les accompagne, en cas de besoin, grâce à son dispositif de médiation."
AMF (Autorité des Marchés Financiers),T,T,F,F,superviser,"L'AMF est l'organisme français chargé de superviser les acteurs et les produits présents sur la scène financière nationale. Elle établit des règles, accorde des autorisations, exerce une surveillance et, lorsque cela s'avère nécessaire, effectue des contrôles, des enquêtes et des sanctions. De plus, elle s'assure que les investisseurs reçoivent une information adéquate et les assiste au besoin grâce à son système de médiation."
AMF (Autorité des Marchés Financiers),T,F,F,F,superviser,"En France, l'AMF joue le rôle de régulateur des intervenants et des produits qui opèrent sur le marché financier. Ses missions incluent la mise en place de réglementations, l'octroi d'autorisations, la surveillance ainsi que le contrôle, l'enquête et la sanction, le cas échéant. Elle s'engage également à garantir que les investisseurs disposent d'une information de qualité et à les accompagner via son dispositif de médiation."
AMF (Autorité des Marchés Financiers),T,T,F,F,superviser,"L'AMF est l'institution française qui assure la régulation des acteurs et des produits au sein de la place financière nationale. Elle édicte des règles, accorde des autorisations, exerce une surveillance et, si nécessaire, réalise des contrôles, des enquêtes et des sanctions. Elle veille également à fournir une information complète aux investisseurs et à les soutenir en cas de besoin grâce à son système de médiation."
AMF (Autorité des Marchés Financiers),T,F,F,F,superviser,"L'institution française appelée AMF assume la responsabilité de superviser les acteurs et les produits qui opèrent sur le marché financier national. Ses attributions comprennent la réglementation, l'autorisation, la surveillance et, lorsque requis, le contrôle, l'enquête et la sanction. Elle se consacre également à assurer une information adéquate des investisseurs et à les accompagner grâce à son dispositif de médiation."
AMF (Autorité des Marchés Financiers),T,T,F,T,superviser,"L'AMF est l'entité française chargée de réguler les intervenants et les produits de la place financière du pays. Elle met en place des règles, délivre des autorisations, exerce une surveillance et, le cas échéant, procède à des contrôles, enquêtes et sanctions. Elle a également pour mission d'assurer une information de qualité aux investisseurs et de les soutenir au besoin grâce à son dispositif de médiation."
Avantage fiscal,F,T,F,T,contrepartie,"L'avantage fiscal est une réduction ou un crédit d’impôt accordé par l’Administration Fiscale en contrepartie d’une dépense ou d’un investissement réalisé par le contribuable. Cet avantage participe d’une politique fiscale visant à favoriser et orienter l’économie nationale."
Avantage fiscal,T,T,F,T,contrepartie,"L'avantage fiscal désigne une diminution ou un crédit d'impôt octroyé par l'Administration Fiscale en échange d'une dépense ou d'un investissement effectué par le contribuable. Cette mesure s'inscrit dans une stratégie fiscale visant à encourager et orienter l'économie nationale."
Avantage fiscal,T,T,F,T,contrepartie + faire partie,"Un avantage fiscal est une réduction ou un crédit d'impôt accordé par l'Administration Fiscale pour compenser une dépense ou un investissement réalisé par le contribuable. Cette mesure fait partie d'une politique fiscale qui cherche à promouvoir et orienter l'économie nationale."
Avantage fiscal,T,T,F,T,contrepartie + faire partie,"L'avantage fiscal représente une réduction ou un crédit d'impôt offert par l'Administration Fiscale en échange d'une dépense ou d'un investissement effectué par le contribuable. Cette incitation s'inscrit dans une politique fiscale ayant pour objectif de stimuler et orienter l'économie nationale."
Avantage fiscal,T,F,F,T,contrepartie+circonstance+mission,"Dans le cadre d'une politique fiscale visant à soutenir et orienter l'économie nationale, l'Administration Fiscale accorde des avantages fiscaux sous la forme de réductions ou de crédits d'impôt. Ces avantages sont octroyés aux contribuables en contrepartie de leurs dépenses ou investissements."
Avantage fiscal,T,T,F,T,contrepartie+circonstance,"L'avantage fiscal se réfère à une réduction ou un crédit d'impôt accordé par l'Administration Fiscale en contrepartie d'une dépense ou d'un investissement effectué par le contribuable. Cette mesure est mise en place dans le cadre d'une politique fiscale visant à favoriser et orienter l'économie nationale."
BCE (Banque Centrale Européenne),F,F,F,F,fonder,"La banque centrale de l’Union Européenne a été fondée en 1988. En charge de son système monétaire et de sa devise : l’euro."
BCE (Banque Centrale Européenne),T,T,F,T,F,"La BCE, également connue sous le nom de Banque Centrale Européenne, est l'institution financière centrale de la zone euro. Elle est chargée de formuler et de mettre en œuvre la politique monétaire pour maintenir la stabilité des prix et soutenir la croissance économique dans les pays membres de l'Union européenne qui ont adopté l'euro. La BCE exerce son rôle en prenant des décisions relatives aux taux d'intérêt, en conduisant des opérations sur les marchés financiers, en supervisant les institutions financières et en fournissant des services bancaires aux banques commerciales. Son objectif principal est de maintenir la stabilité des prix dans la zone euro et de favoriser des conditions économiques favorables à long terme."
BCE (Banque Centrale Européenne),T,T,F,T,F,"La BCE, sigle pour Banque Centrale Européenne, est l'institution financière centrale responsable de la politique monétaire dans les pays de la zone euro. Elle œuvre à maintenir la stabilité des prix et à soutenir la croissance économique en prenant des décisions sur les taux d'intérêt, en supervisant les institutions financières et en réalisant des opérations sur les marchés financiers."
BCE (Banque Centrale Européenne),T,T,F,T,F,"La Banque Centrale Européenne (BCE) est l'entité chargée de la politique monétaire dans la zone euro. Son rôle consiste à maintenir la stabilité des prix et à promouvoir la croissance économique en prenant des mesures telles que la fixation des taux d'intérêt, la surveillance des institutions financières et la gestion des opérations sur les marchés financiers."
BCE (Banque Centrale Européenne),T,T,F,T,F,"La BCE, ou Banque Centrale Européenne, est l'institution responsable de la politique monétaire commune à la zone euro. Son objectif principal est d'assurer la stabilité des prix et de soutenir la croissance économique en contrôlant les taux d'intérêt, en surveillant les établissements financiers et en réalisant des opérations sur les marchés financiers."
BCE (Banque Centrale Européenne),T,T,F,T,F,"La Banque Centrale Européenne (BCE) est l'institution financière centrale qui régit la politique monétaire dans les pays membres de la zone euro. Elle a pour mission principale de maintenir la stabilité des prix et de favoriser la croissance économique en prenant des mesures telles que l'ajustement des taux d'intérêt, la supervision des établissements financiers et la gestion des opérations sur les marchés financiers."
Benchmark,F,T,F,T,possibilité,"En finance, le Benchmark est un indice de référence. Il permet d’effectuer des comparaisons, en mesurant la performance d’un acteur ou d’un titre."
Benchmark,T,T,F,T,F,"En finance, le Benchmark est un indicateur de référence utilisé pour comparer la performance d'un acteur ou d'un titre en mesurant ses résultats."
Benchmark,T,T,F,T,possibilité,"En finance, le Benchmark est un outil qui sert de référence en permettant de comparer la performance d'un acteur ou d'un titre."
Benchmark,T,T,F,T,F,"Dans le domaine financier, le Benchmark est un indicateur essentiel utilisé pour évaluer et comparer la performance d'un acteur ou d'un titre."
Benchmark,T,T,F,T,F,"Le Benchmark est un indice de référence largement utilisé en finance pour évaluer et comparer la performance d'un acteur ou d'un titre."
Benchmark,T,T,F,T,possibilité,"En matière de finance, le Benchmark joue un rôle crucial en permettant de mesurer et de comparer la performance d'un acteur ou d'un titre."
Bénéfice,F,T,F,F,calcul+circonstance,"Le bénéfice est un solde positif entre le total des produits et le total des charges d’une entreprise. Il correspond à un résultat net positif de la société (après paiement de l’impôt). Si ce dernier est négatif on parle plutôt de déficits ou de pertes."
Bénéfice,T,T,F,F,calcul+circonstance,"Le bénéfice est le montant excédentaire résultant de la différence positive entre les revenus totaux et les dépenses totales d'une entreprise. Il représente le résultat net positif de la société une fois les impôts payés. En cas de valeur négative, on parle plutôt de déficits ou de pertes."
Bénéfice,T,T,F,F,calcul+circonstance,"On désigne par bénéfice le surplus financier obtenu lorsque les revenus globaux d'une entreprise surpassent ses charges totales. Il s'agit du bénéfice net positif après le règlement des impôts. En cas de solde négatif, on utilise plutôt les termes déficits ou pertes."
Bénéfice,T,T,F,F,calcul+circonstance+inverse,"Le bénéfice se manifeste lorsque le montant des revenus d'une entreprise excède celui de ses dépenses, aboutissant ainsi à un solde positif. Cela représente le résultat net positif de la société une fois les impôts réglés. Dans le cas contraire, lorsque le solde est négatif, on emploie les expressions déficits ou pertes."
Bénéfice,T,T,F,F,calcul+circonstance,"Le bénéfice est le résultat positif obtenu en soustrayant les charges totales des revenus totaux d'une entreprise. Il correspond au gain net de la société après le paiement des impôts. En cas de valeur négative, les termes déficits ou pertes sont plus appropriés."
Bénéfice,T,T,F,F,calcul+circonstance,"Il est question de bénéfice lorsque le total des produits dépasse le total des charges d'une entreprise, entraînant ainsi un solde positif. Ce bénéfice représente le résultat net positif de la société une fois les impôts acquittés. Si ce solde est négatif, on préfère parler de déficits ou de pertes."
BFR (besoin en fonds de roulement),F,T,F,T,calcul,"Un BFR correspond aux ressources nécessaires à l’entreprise pour financer l’exercice de son activité (pour fonctionner au quotidien).Il se calcule comme tel : stocks + créances clients –  dettes fournisseurs."
BFR (besoin en fonds de roulement),T,T,F,F,calcul+obligation,"Le BFR, ou besoin en fonds de roulement, représente les fonds dont une entreprise a besoin pour assurer le financement de ses opérations quotidiennes et maintenir son activité. Il se calcule en additionnant les stocks et les créances clients, puis en soustrayant les dettes fournisseurs."
BFR (besoin en fonds de roulement),T,T,F,F,calcul+obligation,"Le besoin en fonds de roulement (BFR) correspond aux ressources financières essentielles pour soutenir les opérations courantes d'une entreprise. Il englobe les stocks et les créances clients, diminués des dettes fournisseurs, dans le calcul du montant nécessaire."
BFR (besoin en fonds de roulement),T,T,F,F,calcul+obligation,"Pour garantir le bon fonctionnement quotidien d'une entreprise, il est nécessaire de disposer de fonds suffisants, c'est ce qu'on appelle le besoin en fonds de roulement (BFR). Celui-ci est évalué en ajoutant les stocks et les créances clients, puis en soustrayant les dettes fournisseurs."
BFR (besoin en fonds de roulement),T,T,F,F,calcul+obligation,"Le besoin en fonds de roulement (BFR) représente les ressources financières requises pour assurer l'activité régulière d'une entreprise. Il est calculé en sommant les stocks et les créances clients, puis en déduisant les dettes fournisseurs."
BFR (besoin en fonds de roulement),T,F,F,F,calcul+obligation,"L'entreprise a besoin de fonds pour maintenir ses opérations quotidiennes, et cela est exprimé par le besoin en fonds de roulement (BFR). Le BFR est calculé en additionnant les stocks et les créances clients, puis en soustrayant les dettes fournisseurs."
Bilan,F,T,F,T,circonstance,"En finance, un Bilan est un document qui recense ce que possède une société (son actif) pour exercer son activité et les ressources financières qu’elle utilise pour se financer (son passif, soit dettes et fonds propres). Ces données déterminent la solvabilité de l’entreprise."
Bilan,T,T,T,T,circonstance,"En finance, un bilan est un rapport qui répertorie les actifs détenus par une société pour mener ses activités, ainsi que les ressources financières qu'elle utilise pour se financer (passif, comprenant dettes et fonds propres). Ces informations permettent d'évaluer la solvabilité de l'entreprise."
Bilan,T,T,T,T,circonstance,"Dans le domaine financier, un bilan est un document qui présente l'inventaire des biens détenus par une société afin d'exercer ses activités, ainsi que les ressources financières qu'elle mobilise pour se financer (passif, incluant dettes et capitaux propres). Ces données jouent un rôle crucial dans l'évaluation de la solvabilité de l'entreprise."
Bilan,T,T,T,T,circonstance,"Un bilan en finance est un état financier qui récapitule les actifs détenus par une entreprise pour conduire ses activités, ainsi que les sources de financement utilisées (passif, comprenant dettes et capitaux propres). Ces informations sont essentielles pour évaluer la solvabilité de l'entreprise."
Bilan,T,T,T,T,possibilité+circonstance,"En matière financière, un bilan est un document qui dresse l'inventaire des biens possédés par une société afin de mener à bien ses activités, ainsi que des ressources financières qu'elle utilise pour se financer (passif, englobant dettes et fonds propres). Ces éléments permettent d'évaluer la capacité de l'entreprise à honorer ses obligations."
Bilan,T,T,T,F,possibilité+circonstance,"Dans le domaine de la finance, un bilan est un rapport qui résume les actifs détenus par une entreprise pour l'exercice de ses activités, ainsi que les sources de financement utilisées (passif, incluant dettes et capitaux propres). L'analyse de ces informations permet d'évaluer la solvabilité de l'entreprise."
Bon de souscription d’actions (BSA),F,F,F,T,circonstance,"Un bon de souscription d’actions permet de souscrire à une ou plusieurs actions à une date ou période donnée, à un prix fixé lors de l’émission du Bon."
Bon de souscription d’actions (BSA),T,T,F,F,circonstance,"Un bon de souscription d'actions (BSA) est un instrument financier qui offre la possibilité de souscrire à une ou plusieurs actions à une date ou pendant une période spécifique, à un prix préétabli lors de l'émission du bon."
Bon de souscription d’actions (BSA),T,T,F,F,possibilité+circonstance,"Les bons de souscription d'actions (BSA) sont des titres qui permettent d'acquérir des actions à un prix déterminé à l'avance lors de leur émission, à une date précise ou pendant une période donnée."
Bon de souscription d’actions (BSA),T,T,F,F,possibilité+circonstance,"Les BSA, ou bons de souscription d'actions, sont des instruments financiers qui donnent la faculté de souscrire à des actions à un prix fixé au moment de l'émission du bon, à une date déterminée ou sur une période spécifiée."
Bon de souscription d’actions (BSA),T,T,F,F,possibilité+circonstance,"Un bon de souscription d'actions (BSA) est un titre financier qui autorise l'achat d'une ou plusieurs actions à un prix prédéterminé lors de l'émission du bon, à une date précise ou sur une période donnée."
Bon de souscription d’actions (BSA),T,T,F,F,possibilité+circonstance,"Les BSA, également connus sous le nom de bons de souscription d'actions, sont des documents financiers qui offrent la possibilité d'acquérir des actions à un prix fixé au moment de leur émission, à une date spécifique ou pendant une période définie."
BSPCE (bon de souscription de parts de créateur d’entreprise),F,T,F,F,fonctionnement + conférer,"Un BSPCE sont des bons émis par une société au bénéfice de dirigeants ou salariés de cette société et leur donnant accès à son capital. Les BSPCE fonctionnent comme des bons de souscription d’actions, bénéficient d’un régime fiscal avantageux, mais encadré, et sont réservés aux entreprises innovantes (créées depuis moins de 10 ans)."
BSPCE (bon de souscription de parts de créateur d’entreprise),T,T,F,F,comparaison+possibilité,"Les BSPCE, ou bons de souscription de parts de créateur d'entreprise, sont des titres émis par une société à l'intention de ses dirigeants ou salariés, leur offrant la possibilité d'accéder à son capital. Les BSPCE sont similaires aux bons de souscription d'actions, bénéficiant d'un régime fiscal avantageux, mais soumis à des restrictions, et sont réservés aux entreprises innovantes créées depuis moins de 10 ans."
BSPCE (bon de souscription de parts de créateur d’entreprise),T,T,F,F,comparaison+possibilité,"Un BSPCE, également connu sous le nom de bon de souscription de parts de créateur d'entreprise, est un instrument émis par une société à l'intention de ses dirigeants ou employés, leur donnant la possibilité de participer au capital de celle-ci. Les BSPCE fonctionnent de manière similaire aux bons de souscription d'actions, bénéficiant d'un régime fiscal favorable, mais avec des règles strictes, et sont réservés aux entreprises innovantes de moins de 10 ans."
BSPCE (bon de souscription de parts de créateur d’entreprise),T,T,F,F,comparaison+possibilité,"Les BSPCE, qui signifient bons de souscription de parts de créateur d'entreprise, sont des titres émis par une société à l'intention de ses dirigeants ou de ses employés, leur permettant d'acquérir des parts du capital de l'entreprise. Les BSPCE fonctionnent comme des bons de souscription d'actions, bénéficiant d'un régime fiscal avantageux, mais soumis à des règles spécifiques, et sont réservés aux entreprises innovantes créées depuis moins de 10 ans."
BSPCE (bon de souscription de parts de créateur d’entreprise),T,T,F,F,comparaison+possibilité,"Les BSPCE, bon de souscription de parts de créateur d'entreprise, sont des instruments financiers émis par une société à l'intention de ses dirigeants ou de ses salariés, leur donnant l'opportunité de détenir des parts du capital de l'entreprise. Les BSPCE fonctionnent comme des bons de souscription d'actions, bénéficiant d'un régime fiscal avantageux encadré, et sont destinés aux entreprises innovantes créées depuis moins de 10 ans."
BSPCE (bon de souscription de parts de créateur d’entreprise),T,T,F,F,comparaison+possibilité,"Un BSPCE, ou bon de souscription de parts de créateur d'entreprise, est un titre émis par une société à l'attention de ses dirigeants ou de son personnel, leur permettant d'obtenir des parts du capital de l'entreprise. Les BSPCE fonctionnent de manière similaire aux bons de souscription d'actions, bénéficiant d'un régime fiscal avantageux sous certaines conditions, et sont réservés aux entreprises innovantes ayant été créées depuis moins de 10 ans."
Boni de liquidation,F,T,F,F,circonstance,"Un Boni de liquidation est un ensemble des sommes d’argent redistribuées aux associés ou actionnaires d’une société dissoute, une fois les actifs vendus et dettes payées."
Boni de liquidation,T,T,F,F,circonstance,"Le boni de liquidation représente les montants d'argent qui sont répartis entre les associés ou actionnaires d'une société dissoute, une fois que les actifs ont été vendus et les dettes remboursées."
Boni de liquidation,T,T,F,F,circonstance,"Le boni de liquidation correspond aux sommes d'argent distribuées aux associés ou actionnaires d'une société après la vente des actifs et le remboursement des dettes lors de sa dissolution."
Boni de liquidation,T,T,F,F,circonstance,"Lorsqu'une société est dissoute, le boni de liquidation englobe les fonds qui sont répartis parmi les associés ou actionnaires une fois que les actifs ont été vendus et les dettes ont été acquittées."
Boni de liquidation,T,T,F,F,circonstance,"Le boni de liquidation désigne les sommes d'argent redistribuées aux associés ou actionnaires d'une société après la vente des actifs et le paiement des dettes lors de la dissolution de celle-ci."
Boni de liquidation,T,T,F,F,circonstance,"Lors de la dissolution d'une société, le boni de liquidation représente l'ensemble des montants d'argent qui sont versés aux associés ou actionnaires une fois que les actifs ont été liquidés et les dettes ont été réglées."
Build-up,F,T,F,F,F,"Un build-up est une stratégie de croissance externe d’une société qui consiste en des acquisitions successives de sociétés appartenant au même secteur."
Build-up,T,T,F,F,acquisition,"Un build-up est une stratégie de croissance externe où une société réalise des acquisitions successives de sociétés opérant dans le même secteur."
Build-up,T,T,F,F,acquisition,"Le build-up est une approche de croissance externe adoptée par une société qui consiste à effectuer des acquisitions successives de sociétés appartenant au même secteur d'activité."
Build-up,T,F,F,F,acquisition,"Dans le cadre d'un build-up, une entreprise met en œuvre une stratégie de croissance externe en procédant à des acquisitions successives de sociétés opérant dans le même secteur."
Build-up,T,T,F,T,acquisition,"Le build-up est une stratégie de développement externe où une entreprise acquiert de manière successive plusieurs sociétés du même secteur, dans le but de favoriser sa croissance."
Build-up,T,T,F,T,acquisition,"Un build-up est une stratégie de croissance externe qui implique qu'une entreprise procède à des acquisitions successives de sociétés opérant dans le même secteur, afin de renforcer sa position et d'accélérer son expansion."
Bulletin de souscription,F,T,F,F,obligation,"Un bulletin de souscription est un document par lequel une personne qui souhaite acquérir des actions dans une société s’engage à réaliser un apport en numéraire, et en indique le montant."
Bulletin de souscription,T,T,F,F,obligation,"Un bulletin de souscription est un formulaire par lequel une personne exprime son intention d'acquérir des actions dans une société et s'engage à effectuer un apport en numéraire, en précisant le montant correspondant."
Bulletin de souscription,T,T,F,F,obligation,"Le bulletin de souscription est un document par lequel une personne intéressée à acheter des actions d'une société déclare son intention de le faire et s'engage à effectuer un versement en espèces, en spécifiant le montant."
Bulletin de souscription,T,T,F,F,obligation,"Le bulletin de souscription est un formulaire utilisé par une personne désireuse d'acquérir des actions dans une société. Ce document atteste de son engagement à effectuer un apport en numéraire et précise le montant de cet apport."
Bulletin de souscription,T,T,F,F,obligation,"Un bulletin de souscription est un document par lequel une personne exprime sa volonté d'acquérir des actions dans une société et s'engage à réaliser un apport en espèces, en indiquant le montant correspondant."
Bulletin de souscription,T,T,F,F,obligation,"Le bulletin de souscription est un formulaire qui permet à une personne d'indiquer son souhait d'acquérir des actions dans une société. Ce document contient l'engagement de la personne à effectuer un apport en numéraire, avec le montant précisé."
Business Angel,F,T,F,F,investissement,"Un Business Angel est un particulier qui investit dans des entreprises, le plus souvent jeunes ( startups), innovantes à fort potentiel de croissance et développement."
Business Angel,T,T,F,F,investissement,"Un Business Angel est un individu qui investit dans des entreprises, généralement des start-ups, qui sont innovantes et ont un fort potentiel de croissance et de développement."
Business Angel,T,T,F,F,investissement,"Un Business Angel est une personne physique qui investit dans des entreprises, en particulier des start-ups, qui sont considérées comme innovantes et ayant un fort potentiel de croissance."
Business Angel,T,T,F,F,investissement,"Le terme Business Angel désigne un particulier qui investit dans des entreprises, en particulier des start-ups, qui présentent un fort potentiel de croissance et d'expansion, en raison de leur caractère innovant."
Business Angel,T,T,F,F,investissement,"Un Business Angel est un individu qui investit son propre capital dans des entreprises, principalement des start-ups, qui sont caractérisées par leur innovation et leur potentiel de croissance significatif."
Business Angel,T,T,F,F,investissement,"Dans le domaine des investissements, un Business Angel est un particulier qui choisit d'investir dans des entreprises, notamment des start-ups, qui sont considérées comme innovantes et prometteuses en termes de croissance et de développement."
Business Plan,F,T,F,F,description,"Un Business Plan est un document de présentation de la stratégie ou d’un projet d’investissement ou de l’évolution à moyen terme d’une entreprise."
Business Plan,T,T,F,F,description,"Un Business Plan est un dossier qui expose la stratégie ou le projet d'investissement d'une entreprise, ainsi que ses perspectives d'évolution à moyen terme."
Business Plan,T,T,F,F,description,"Le Business Plan est un document qui présente la stratégie ou le projet d'investissement d'une entreprise, ainsi que ses prévisions de développement à moyen terme."
Business Plan,T,T,F,F,description,"Un Business Plan est un rapport détaillé qui présente la stratégie ou le projet d'investissement d'une entreprise, ainsi que les projections de croissance à moyen terme."
Business Plan,T,T,F,F,description,"Le Business Plan est un document qui décrit la stratégie ou le projet d'investissement d'une entreprise, ainsi que les objectifs et les plans de développement à moyen terme."
Business Plan,T,T,F,F,description,"Un Business Plan est un dossier complet qui expose la stratégie ou le projet d'investissement d'une entreprise, en fournissant des informations détaillées sur les objectifs, les actions prévues et les projections de croissance à moyen terme."